inst_id,date_key,ncses_inst_id,unitid,federal_government,state_and_local_government,business,nonprofit_organizations,institutional_funds,other_sources,total_rd_expenses,medical_school_expenses,non_medical_rd
166,20170630,U0626001,111966,14461000,0,0,400000,791000,0,15652000,2189000,13463000
1002,20170630,U0047001,100654,23290000,706000,184000,0,5055000,2450000,31685000,0,31685000
1005,20170630,U0049001,100724,2253000,0,0,0,0,0,2253000,0,2253000
1009,20170630,U0323002,100858,55700000,32280000,5110000,1568000,88038000,7644000,190340000,0,190340000
1020,20170630,U1533001,101480,3192000,0,50000,0,138000,0,3380000,0,3380000
1050,20170630,U3203001,102377,10388000,2590000,0,0,3553000,4000,16535000,0,16535000
1051,20170630,U3248002,100751,27692000,9585000,1945000,1084000,22563000,413000,63282000,0,63282000
1052,20170630,U3249001,100663,358916000,5403000,57874000,29280000,109918000,460000,561851000,373929000,187922000
1055,20170630,U3250001,100706,68609000,1358000,1439000,510000,21965000,495000,94376000,0,94376000
1057,20170630,U3414001,102094,16627000,1859000,782000,232000,21000000,931000,41431000,11610000,29821000
1061,20170630,U0061001,102669,665000,36000,525000,22000,0,0,1248000,0,1248000
1081,20170630,U0258001,104151,227621000,31895000,16587000,30549000,209033000,29331000,545016000,0,545016000
1082,20170630,U2321001,105330,26035000,6253000,527000,2053000,11086000,299000,46253000,0,46253000
1083,20170630,U3256001,104179,273567000,19646000,12369000,35621000,187244000,93753000,622200000,216960000,405240000
1086,20170630,U3258001,106412,3747000,1864000,0,41000,2484000,0,8136000,0,8136000
1090,20170630,U0263004,106458,4396000,2550000,281000,0,719000,6000,7952000,0,7952000
1092,20170630,U3268001,106704,1236000,417000,0,77000,1578000,5000,3313000,0,3313000
1101,20170630,U3260001,106245,4756000,396000,45000,294000,1342000,0,6833000,0,6833000
1108,20170630,U3257001,106397,46490000,54800000,11215000,3037000,38753000,3496000,157791000,0,157791000
1109,20170630,U3262001,106263,51298000,8719000,2228000,4201000,49217000,12845000,128508000,128508000,0
1117,20170630,U0342001,109785,334000,0,1000,0,8047000,48000,8430000,0,8430000
1122,20170630,U0422001,110097,576000,16000,69000,85000,262000,26000,1034000,0,1034000
1131,20170630,U0508001,110404,277358000,1683000,12523000,36154000,39615000,32979000,400312000,0,400312000
1137,20170630,U0516007,110565,4237000,313000,101000,399000,460000,0,5510000,0,5510000
1139,20170630,U0516008,110583,13085000,772000,587000,882000,2895000,584000,18805000,0,18805000
1140,20170630,U0516009,110592,6612000,558000,0,807000,297000,0,8274000,0,8274000
1141,20170630,U0516004,110547,1238000,19000,0,5000,584000,12000,1858000,0,1858000
1142,20170630,U0516013,110510,6565000,3063000,21000,268000,3007000,0,12924000,0,12924000
1143,20170630,U0513001,110422,10535000,2397000,883000,2112000,2020000,32000,17979000,0,17979000
1144,20170630,U0515001,110529,3231000,1269000,456000,50000,857000,0,5863000,0,5863000
1146,20170630,U0516003,110538,581000,628000,108000,78000,154000,51000,1600000,0,1600000
1147,20170630,U0516006,110556,3511000,1869000,210000,134000,2128000,250000,8102000,0,8102000
1149,20170630,U1392001,115755,3796000,4323000,199000,1071000,4038000,2542000,15969000,0,15969000
1150,20170630,U0516012,110617,6894000,7515000,580000,1906000,4099000,112000,21106000,0,21106000
1151,20170630,U2738001,122409,39417000,2043000,429000,2058000,43710000,1530000,89187000,0,89187000
1153,20170630,U0516011,110608,14756000,1071000,54000,252000,1801000,45000,17979000,0,17979000
1154,20170630,U2740001,122597,14817000,1378000,0,1058000,12676000,11000,29940000,0,29940000
1155,20170630,U2744001,122755,31396000,4092000,739000,839000,1961000,165000,39192000,0,39192000
1157,20170630,U0516015,110495,478000,228000,532000,24000,74000,29000,1365000,0,1365000
1164,20170630,U0625001,111948,3598000,503000,177000,1229000,4733000,386000,10626000,0,10626000
1169,20170630,U4728003,112251,8574000,210000,82000,759000,1420000,1000,11046000,0,11046000
1170,20170630,U4728002,112260,754000,26000,0,476000,4562000,0,5818000,0,5818000
1171,20170630,U4728004,115409,1521000,0,28000,254000,1782000,163000,3748000,0,3748000
1173,20170630,U4728006,121345,1038000,9000,0,654000,1504000,0,3205000,0,3205000
1200,20170630,U1163001,114840,0,0,0,1679000,9000,1000,1689000,0,1689000
1218,20170630,U1708001,117636,15192000,659000,1622000,1332000,2953000,88000,21846000,15881000,5965000
1238,20170630,U1930001,118888,1286000,22000,0,1983000,62000,0,3353000,0,3353000
1249,20170630,U2372001,120254,701000,27000,191000,845000,0,0,1764000,0,1764000
1264,20170630,U2499001,121150,1087000,108000,16000,316000,869000,0,2396000,0,2396000
1305,20170630,B4493001,243744,710698000,30356000,114788000,142609000,106501000,4756000,1109708000,677483000,432225000
1310,20170630,U2196001,119678,47082000,0,284000,0,12864000,156000,60386000,0,60386000
1311,20170630,S3267001,124557,288000,16333000,0,16000,29580000,182000,46399000,0,46399000
1312,20170630,U3266001,110635,330339000,49871000,66123000,106893000,168113000,49483000,770822000,0,770822000
1313,20170630,U3266004,110644,342407000,64438000,45309000,38689000,197136000,50368000,738347000,178972000,559375000
1314,20170630,U3266008,110653,187535000,19025000,21385000,28911000,71473000,33085000,361414000,109974000,251440000
1315,20170630,U3266011,110662,487846000,47097000,62427000,162215000,246402000,70930000,1076917000,611306000,465611000
1316,20170630,U3266015,110671,76795000,7311000,6803000,7678000,49319000,15726000,163632000,6869000,156763000
1317,20170630,U3266016,110680,641469000,34590000,80802000,83986000,186507000,106100000,1133454000,515645000,617809000
1319,20170630,U3266019,110699,606768000,32952000,96903000,221430000,333955000,117390000,1409398000,1066919000,342479000
1320,20170630,U3266020,110705,117457000,5521000,23153000,21779000,47019000,23317000,238246000,0,238246000
1321,20170630,U3266021,110714,66563000,3745000,4831000,10947000,29561000,8697000,124344000,0,124344000
1323,20170630,U3266014,445188,14923000,872000,655000,2296000,14742000,1605000,35093000,0,35093000
1325,20170630,U3410001,122612,405000,93000,0,134000,1970000,0,2602000,0,2602000
1326,20170630,U2754001,122931,1468000,62000,122000,492000,0,1000,2145000,0,2145000
1328,20170630,U3422001,123961,450204000,14871000,56863000,45652000,134407000,62325000,764322000,414407000,349915000
1329,20170630,U3478001,120883,1474000,318000,45000,278000,0,40000,2155000,0,2155000
1347,20170630,U0773001,126678,745000,160000,0,446000,864000,0,2215000,0,2215000
1348,20170630,U0776001,126775,37505000,2618000,12504000,1103000,3505000,2242000,59477000,0,59477000
1349,20170630,U3377001,127741,2349000,68000,60000,55000,2006000,0,4538000,0,4538000
1350,20170630,U0777004,126818,239165000,17058000,8710000,17203000,49317000,6951000,338404000,0,338404000
1369,20170630,U3219001,128328,40062000,23000,526000,280000,6030000,1366000,48287000,0,48287000
1370,20170630,U3276001,126614,374209000,3906000,9908000,73229000,35865000,2272000,499389000,0,499389000
1371,20170630,U3285001,127060,11648000,204000,1831000,2424000,5990000,192000,22289000,0,22289000
1378,20170630,U0597001,128771,231000,370000,1000,13000,380000,0,995000,0,995000
1379,20170630,U0824001,128902,777000,0,0,105000,993000,0,1875000,0,1875000
1385,20170630,U1064001,129242,1101000,32000,0,338000,7278000,0,8749000,0,8749000
1397,20170630,U3363001,129941,548000,268000,0,4189000,0,0,5005000,0,5005000
1402,20170630,U2594001,130226,513000,53000,44000,134000,274000,18000,1036000,880000,156000
1406,20170630,U2924001,130493,1274000,75000,0,171000,973000,0,2493000,0,2493000
1414,20170630,U3181002,130590,2084000,0,0,333000,439000,0,2856000,0,2856000
1416,20170630,U3265001,128744,23000,8000,23000,53000,619000,0,726000,0,726000
1422,20170630,U3295001,129525,1178000,11000,11000,65000,536000,0,1801000,0,1801000
1424,20170630,U3588001,130697,3902000,488000,3000,865000,3631000,56000,8945000,0,8945000
1426,20170630,U3715001,130794,541608000,1477000,70263000,78668000,253060000,6008000,951084000,747959000,203125000
1428,20170630,U0914001,130934,14693000,470000,25000,0,5605000,0,20793000,0,20793000
1431,20170630,U3284001,130943,117813000,13103000,5071000,4357000,39884000,3200000,183428000,0,183428000
1434,20170630,U0219001,131159,8800000,111000,651000,7056000,38278000,1138000,56034000,0,56034000
1437,20170630,U0562001,131283,19857000,111000,371000,578000,3365000,0,24282000,0,24282000
1443,20170630,U1170001,131450,2380000,0,49000,283000,2280000,2611000,7603000,0,7603000
1444,20170630,U1194001,131469,148369000,1532000,2708000,25492000,63919000,3499000,245519000,57893000,187626000
1445,20170630,U1197001,131496,94435000,2867000,11331000,27676000,61276000,14734000,212319000,137764000,74555000
1448,20170630,U1382001,131520,34762000,1155000,2052000,859000,6940000,0,45768000,18387000,27381000
1469,20170630,U1107001,133881,8465000,1782000,1081000,471000,6230000,151000,18180000,0,18180000
1479,20170630,U1023001,133553,10525000,130000,1460000,25000,1195000,0,13335000,0,13335000
1480,20170630,U1099001,133650,30383000,1267000,724000,247000,4957000,0,37578000,0,37578000
1481,20170630,U1102001,133669,17172000,2661000,1088000,3734000,19127000,2243000,46025000,7393000,38632000
1489,20170630,U1113001,134097,134278000,5221000,2849000,13174000,123269000,4110000,282901000,18485000,264416000
1507,20170630,U2217001,262129,167000,0,352000,1000,470000,8000,998000,0,998000
1509,20170630,U2362001,136215,7979000,1708000,4097000,374000,7355000,995000,22508000,10839000,11669000
1535,20170630,U3290001,134130,327288000,142480000,36208000,42265000,221522000,31655000,801418000,324055000,477363000
1536,20170630,U3344001,135726,194385000,10276000,32830000,33732000,96232000,422000,367877000,271419000,96458000
1544,20170630,U0066001,138716,1026000,79000,288000,0,0,0,1393000,0,1393000
1559,20170630,U0699001,138947,5811000,0,14000,142000,2040000,0,8007000,0,8007000
1564,20170630,U1030001,139658,382177000,354000,37391000,56932000,186516000,1518000,664888000,382944000,281944000
1566,20170630,U1128001,139719,5068000,0,0,0,306000,0,5374000,0,5374000
1572,20170630,U1203001,139931,2978000,327000,6338000,218000,6220000,3000,16084000,0,16084000
1574,20170630,U1205001,139940,71248000,24680000,98000,10886000,92398000,861000,200171000,0,200171000
1577,20170630,U1597001,140164,2085000,112000,235000,943000,5909000,226000,9510000,0,9510000
1582,20170630,U2007001,140553,3667000,0,0,0,0,0,3667000,0,3667000
1590,20170630,U2764001,140960,1390000,0,0,17000,0,0,1407000,0,1407000
1594,20170630,U2971001,141060,1227000,0,176000,0,676000,0,2079000,0,2079000
1598,20170630,U3292001,139959,158229000,40064000,19343000,34853000,196033000,6910000,455432000,0,455432000
1610,20170630,U3299001,141574,182337000,14531000,1955000,12674000,76305000,4219000,292021000,31240000,260781000
1616,20170630,U0445001,142115,19806000,2282000,710000,471000,11507000,216000,34992000,0,34992000
1620,20170630,U1403001,142276,11184000,1037000,1089000,70000,5037000,147000,18564000,0,18564000
1626,20170630,U3306001,142285,50935000,33795000,2066000,1242000,17244000,4255000,109537000,0,109537000
1641,20170630,U0460001,143358,492000,26000,1007000,0,293000,21000,1839000,0,1839000
1657,20170630,U1921001,440253,1184000,0,16000,410000,7597000,0,9207000,5465000,3742000
1659,20170630,U2670001,145558,8828000,0,2207000,602000,5301000,68000,17006000,15628000,1378000
1671,20170630,U0904001,144740,5424000,0,43000,997000,2070000,27000,8561000,0,8561000
1674,20170630,U0977001,144892,494000,108000,90000,42000,167000,0,901000,0,901000
1691,20170630,U1406001,145725,26330000,82000,2441000,1734000,1734000,338000,32659000,0,32659000
1692,20170630,U1408001,145813,5355000,464000,73000,1540000,12626000,22000,20080000,0,20080000
1693,20170630,U2314001,147776,1403000,0,0,0,0,0,1403000,0,1403000
1710,20170630,U1736001,146719,23324000,266000,2699000,3805000,8509000,1135000,39738000,31993000,7745000
1737,20170630,U2324001,147703,7947000,385000,690000,284000,9712000,132000,19150000,0,19150000
1739,20170630,U2352001,147767,446609000,3601000,44965000,42840000,206673000,7121000,751809000,563262000,188547000
1758,20170630,U2925001,149222,13421000,837000,6684000,934000,26540000,0,48416000,18262000,30154000
1759,20170630,U2925002,149231,3805000,378000,1899000,152000,11158000,1000,17393000,0,17393000
1774,20170630,U3273001,144050,308002000,1000,35552000,44117000,45016000,640000,433328000,279835000,153493000
1775,20170630,U3310001,145637,358905000,30133000,37708000,20415000,172717000,22206000,642084000,0,642084000
1776,20170630,U3308001,145600,198049000,7200000,9700000,24693000,123091000,9886000,372619000,181909000,190710000
1780,20170630,U3615001,149772,1198000,260000,128000,0,389000,31000,2006000,0,2006000
1786,20170630,U0348001,150136,2531000,298000,427000,203000,5338000,0,8797000,0,8797000
1807,20170630,U1424001,151324,816000,61000,186000,105000,110000,6000,1284000,0,1284000
1809,20170630,U1425002,151351,245155000,3770000,25303000,49578000,216075000,540000,540421000,325004000,215417000
1813,20170630,U1427002,151111,20035000,1480000,2363000,5557000,28337000,284000,58056000,0,58056000
1816,20170630,U1425011,151342,249000,0,2000,105000,683000,0,1039000,0,1039000
1825,20170630,U2590004,243780,245110000,111590000,47177000,34188000,173477000,11272000,622814000,0,622814000
1828,20170630,U1427001,151102,812000,416000,180000,209000,2815000,822000,5254000,0,5254000
1840,20170630,U3380001,152080,91787000,369000,5752000,19902000,78449000,16564000,212823000,0,212823000
1842,20170630,U3498001,152600,1567000,114000,10000,856000,349000,187000,3083000,0,3083000
1855,20170630,U0926001,154156,878000,20000,31000,125000,362000,0,1416000,880000,536000
1860,20170630,U0949001,153269,772000,123000,80000,29000,211000,0,1215000,0,1215000
1868,20170630,U1255001,153384,652000,4000,0,322000,3787000,188000,4953000,0,4953000
1869,20170630,U1516001,153603,128221000,42363000,17794000,8145000,122758000,4303000,323584000,0,323584000
1890,20170630,U3378001,154095,2154000,251000,73000,127000,698000,0,3303000,0,3303000
1892,20170630,U3312001,153658,238842000,7165000,22885000,19940000,205447000,1000,494280000,268465000,225815000
1926,20170630,U2527001,155681,316000,706000,1074000,159000,0,0,2255000,0,2255000
1928,20170630,U1588001,155399,75468000,38062000,5388000,7365000,67770000,2425000,196478000,0,196478000
1950,20170630,U3653001,156125,21685000,8471000,38166000,286000,9904000,2000,78514000,0,78514000
1963,20170630,U0979001,156620,758000,21000,63000,80000,325000,1000,1248000,0,1248000
1968,20170630,U1600001,157058,5169000,2073000,97000,30000,31000,12000,7412000,0,7412000
1976,20170630,U2006001,157386,2162000,0,0,11000,687000,0,2860000,0,2860000
1977,20170630,U2046001,157401,1200000,57000,114000,0,1088000,0,2459000,0,2459000
1999,20170630,U3319001,157289,72119000,9299000,9640000,6664000,57307000,22559000,177588000,126016000,51572000
2002,20170630,U3619001,157951,3808000,471000,577000,353000,5605000,0,10814000,0,10814000
2004,20170630,U0933001,158802,5592000,86000,0,393000,857000,167000,7095000,0,7095000
2006,20170630,U1238001,159009,4283000,819000,0,0,809000,0,5911000,0,5911000
2008,20170630,U1727001,159647,5608000,2287000,464000,0,13426000,956000,22741000,0,22741000
2010,20170630,U1725003,159391,81644000,68151000,10954000,8878000,90691000,5859000,266177000,0,266177000
2014,20170630,U1725006,159373,28018000,781000,2082000,3081000,6383000,440000,40785000,30522000,10263000
2015,20170630,U1725010,159939,5568000,1843000,833000,195000,7120000,380000,15939000,0,15939000
2017,20170630,U1852001,159717,103000,38000,0,45000,1281000,0,1467000,0,1467000
2020,20170630,U3318001,159993,1838000,196000,0,163000,91000,9000,2297000,0,2297000
2021,20170630,U2351001,160038,458000,763000,0,0,152000,0,1373000,0,1373000
2024,20170630,U2914001,160612,1215000,173000,2000,166000,643000,7000,2206000,0,2206000
2025,20170630,U2936002,160621,2866000,157000,81000,0,939000,0,4043000,0,4043000
2029,20170630,U3198001,160755,93970000,4145000,5279000,16189000,50348000,11062000,180993000,60676000,120317000
2031,20170630,U3317001,160658,23895000,9581000,9689000,8615000,49166000,10000,100956000,0,100956000
2032,20170630,U3712001,160904,10939000,495000,0,70000,920000,0,12424000,0,12424000
2036,20170630,U0371001,160977,1053000,22000,0,178000,498000,102000,1853000,0,1853000
2038,20170630,U0453001,161004,1812000,6000,1000,168000,353000,0,2340000,0,2340000
2039,20170630,U0729001,161086,1048000,36000,0,0,467000,520000,2071000,0,2071000
2050,20170630,U3361001,161457,5918000,53000,164000,439000,1483000,7000,8064000,1582000,6482000
2053,20170630,U3320001,161253,37321000,19851000,4943000,2251000,34224000,912000,99502000,0,99502000
2062,20170630,U0454001,162007,1813000,0,0,0,0,0,1813000,0,1813000
2083,20170630,U2009001,163453,13328000,482000,621000,162000,293000,92000,14978000,0,14978000
2091,20170630,U2721001,163851,2203000,2620000,4000,125000,2779000,0,7731000,0,7731000
2099,20170630,U3162001,164076,1599000,81000,93000,215000,836000,10000,2834000,0,2834000
2101,20170630,U3227001,164155,12963000,0,0,230000,348000,0,13541000,0,13541000
2102,20170630,U3264001,161873,4289000,1534000,32000,802000,0,194000,6851000,0,6851000
2103,20170630,U3330004,163286,369651000,18112000,8177000,13416000,136319000,3210000,548885000,0,548885000
2104,20170630,U3331001,163259,220911000,26227000,26445000,34830000,116312000,2170000,426895000,379464000,47431000
2105,20170630,U3330001,163268,52014000,2207000,1529000,844000,13547000,265000,70406000,0,70406000
2106,20170630,U3334001,163338,7265000,18000,67000,53000,0,0,7403000,0,7403000
2115,20170630,U0225001,164465,1228000,0,0,211000,2079000,552000,4070000,0,4070000
2121,20170630,U0343001,164580,0,0,195000,202000,872000,580000,1849000,0,1849000
2124,20170630,U0402001,164739,110000,0,0,452000,0,0,562000,0,562000
2128,20170630,U0447001,164924,30448000,1851000,476000,11374000,13453000,486000,58088000,0,58088000
2130,20170630,U0450001,164988,259832000,270000,14781000,21020000,121337000,4120000,421360000,145924000,275436000
2133,20170630,U0461001,165015,46108000,208000,586000,10758000,9147000,1630000,68437000,0,68437000
2139,20170630,U0702001,165334,2513000,445000,147000,738000,4550000,60000,8453000,0,8453000
2155,20170630,U1300001,166027,573157000,2336000,46993000,149979000,334024000,16671000,1123160000,324215000,798945000
2161,20170630,U3340001,166513,29471000,2583000,4841000,1454000,31014000,314000,69677000,0,69677000
2165,20170630,U1821001,166656,229000,0,9000,0,471000,11000,720000,0,720000
2178,20170630,U1824001,166683,487434000,1797000,171318000,97284000,101155000,93029000,952017000,0,952017000
2192,20170630,U2020001,166939,3168000,0,0,173000,294000,0,3635000,0,3635000
2199,20170630,U2320001,167358,93572000,1341000,8917000,6685000,31193000,641000,142349000,0,142349000
2209,20170630,U2844001,167835,3449000,489000,20000,904000,1193000,0,6055000,0,6055000
2210,20170630,U3339001,167987,7370000,1976000,557000,861000,15104000,234000,26102000,0,26102000
2219,20170630,U3197001,168148,139532000,4086000,12079000,28618000,33213000,5881000,223409000,53708000,169701000
2221,20170630,U3336001,166629,108871000,21257000,8016000,5349000,65698000,1225000,210416000,0,210416000
2222,20170630,U3337001,166638,29934000,6990000,1279000,3541000,27949000,326000,70019000,0,70019000
2224,20170630,U3582001,168218,3815000,353000,69000,3699000,0,2390000,10326000,0,10326000
2226,20170630,U3623001,168254,214000,10000,241000,49000,96000,0,610000,0,610000
2229,20170630,U4733001,168342,1703000,0,0,318000,1379000,1827000,5227000,0,5227000
2230,20170630,R3700001,166610,148491000,1519000,3340000,10162000,25789000,4787000,194088000,0,194088000
2233,20170630,U3702001,168421,19566000,88000,4203000,866000,8506000,139000,33368000,0,33368000
2241,20170630,U0520001,169080,880000,0,84000,402000,0,90000,1456000,0,1456000
2243,20170630,U0602001,169248,5557000,292000,222000,506000,7613000,462000,14652000,3048000,11604000
2259,20170630,U0981001,169798,1474000,33000,109000,209000,4427000,29000,6281000,0,6281000
2262,20170630,U1604001,169983,2105000,104000,387000,78000,1352000,207000,4233000,0,4233000
2268,20170630,U1241001,170082,1543000,169000,0,1639000,3077000,489000,6917000,0,6917000
2273,20170630,U1367001,170301,1169000,0,0,1701000,355000,0,3225000,0,3225000
2279,20170630,U1662001,170675,767000,149000,571000,419000,36000,0,1942000,0,1942000
2290,20170630,U1901001,171100,343751000,45668000,11729000,20449000,257341000,15979000,694917000,65126000,629791000
2292,20170630,U1903001,171128,28483000,708000,6112000,455000,33358000,2513000,71629000,0,71629000
2301,20170630,U2327001,171456,304000,61000,19000,25000,903000,27000,1339000,0,1339000
2307,20170630,U2368001,171571,6418000,207000,788000,155000,6843000,150000,14561000,9000,14552000
2314,20170630,U2694001,172051,621000,27000,1000,88000,669000,0,1406000,0,1406000
2323,20170630,U3286001,169716,2296000,0,18000,11000,423000,0,2748000,0,2748000
2325,20170630,U3345002,170976,829695000,2698000,82898000,64646000,537176000,13026000,1530139000,589994000,940145000
2326,20170630,U3345005,171137,1930000,0,1747000,179000,4361000,98000,8315000,0,8315000
2327,20170630,U3345007,171146,219000,51000,168000,19000,1004000,5000,1466000,0,1466000
2329,20170630,U3574001,172644,109421000,4380000,9150000,19397000,80491000,4889000,227728000,151929000,75799000
2334,20170630,U0326001,173045,641000,0,0,0,402000,98000,1141000,0,1141000
2340,20170630,U0543001,173258,3366000,95000,0,886000,1907000,634000,6888000,0,6888000
2345,20170630,U3428001,174914,212000,249000,117000,195000,415000,53000,1241000,0,1241000
2358,20170630,U1758001,173902,970000,137000,0,42000,767000,0,1916000,0,1916000
2360,20170630,U1946002,173920,605000,215000,0,143000,1163000,345000,2471000,0,2471000
2377,20170630,U2985001,174783,555000,412000,628000,689000,1304000,0,3588000,0,3588000
2379,20170630,U2699001,174792,0,0,0,0,1267000,0,1267000,0,1267000
2382,20170630,U3015001,174844,797000,1000,0,136000,605000,0,1539000,0,1539000
2388,20170630,U3346003,174233,6033000,5511000,713000,37000,12533000,129000,24956000,0,24956000
2389,20170630,U3346010,174251,294000,12000,2000,5000,661000,0,974000,0,974000
2396,20170630,U0071001,175342,8634000,15000,274000,34000,7172000,0,16129000,0,16129000
2410,20170630,U1532001,175856,20136000,0,0,581000,2004000,69000,22790000,0,22790000
2423,20170630,U1958001,176080,87928000,78646000,4434000,7812000,59689000,2463000,240972000,0,240972000
2439,20170630,U3158001,176406,3030000,0,0,0,0,0,3030000,0,3030000
2441,20170630,U3425001,176372,27661000,13687000,8386000,1259000,10610000,56000,61659000,0,61659000
2477,20170630,U0002001,177834,177000,0,0,473000,132000,0,782000,237000,545000
2479,20170630,U1692001,177940,4148000,1016000,0,0,0,0,5164000,0,5164000
2503,20170630,U1969001,179566,2770000,83000,296000,66000,0,0,3215000,0,3215000
2516,20170630,U3348001,178396,109759000,2384000,4315000,7378000,121951000,8165000,253952000,26547000,227405000
2517,20170630,U1970001,178411,19567000,208000,5083000,835000,11417000,1133000,38243000,0,38243000
2518,20170630,U3348004,178402,11296000,59000,629000,1159000,11410000,570000,25123000,4899000,20224000
2519,20170630,U3348005,178420,5240000,139000,128000,1280000,4763000,492000,12042000,0,12042000
2520,20170630,U3564001,179867,474446000,3344000,63988000,75579000,131080000,6025000,754462000,662666000,91796000
2531,20170630,U1990001,180416,5019000,6045000,346000,0,1649000,0,13059000,0,13059000
2532,20170630,U1989003,180461,74788000,10601000,2679000,3477000,35312000,2765000,129622000,0,129622000
2536,20170630,U3351001,180489,44534000,4643000,409000,2045000,29391000,4022000,85044000,0,85044000
2542,20170630,U0867001,181002,7946000,4766000,2121000,717000,8093000,672000,24315000,18370000,5945000
2551,20170630,U3357001,181215,1047000,1281000,0,30000,1096000,56000,3510000,0,3510000
2554,20170630,U3358001,181394,7486000,1146000,20000,102000,3250000,57000,12061000,0,12061000
2565,20170630,U3359001,181464,101532000,57369000,17183000,4356000,113175000,8589000,302204000,0,302204000
2568,20170630,U3360004,182290,54782000,19565000,1674000,1176000,25275000,3397000,105869000,24092000,81777000
2569,20170630,U3360001,182281,29172000,3409000,763000,538000,29833000,2570000,66285000,0,66285000
2573,20170630,U0895001,182670,137448000,1345000,7689000,10844000,143601000,7518000,308445000,162914000,145531000
2589,20170630,U3362001,183044,92338000,4494000,8084000,6024000,32571000,1864000,145375000,0,145375000
2591,20170630,U2532001,183080,827000,1000,9000,120000,87000,87000,1131000,0,1131000
2609,20170630,U2679001,184782,7110000,865000,1162000,966000,2753000,0,12856000,5182000,7674000
2613,20170630,U2228001,185129,2048000,3027000,0,0,367000,0,5442000,0,5442000
2617,20170630,U1992001,185590,2163000,823000,0,2747000,63000,0,5796000,0,5796000
2621,20170630,U2229001,185828,79397000,4073000,1995000,4643000,48687000,3369000,142164000,0,142164000
2625,20170630,U3671001,187444,476000,23000,40000,48000,2425000,0,3012000,0,3012000
2627,20170630,U2566001,186131,176029000,899000,9950000,24136000,110999000,4194000,326207000,0,326207000
2628,20170630,U2639001,186283,172000,29000,0,19000,1345000,0,1565000,0,1565000
2631,20170630,U2684006,186399,16617000,1288000,407000,1183000,6370000,33000,25898000,0,25898000
2632,20170630,U2801001,186584,1982000,2280000,1020000,1990000,0,0,7272000,0,7272000
2639,20170630,U3063001,186867,26855000,1130000,1880000,514000,4379000,386000,35144000,0,35144000
2642,20170630,U0748001,187134,929000,16000,47000,24000,60000,2000,1078000,0,1078000
2653,20170630,U2234001,187897,1015000,5000,0,0,0,3000,1023000,0,1023000
2654,20170630,U2235001,187967,18358000,379000,1076000,28000,625000,25000,20491000,0,20491000
2663,20170630,U3364001,187985,165128000,3117000,2781000,12868000,60842000,1861000,246597000,97691000,148906000
2681,20170630,U0530001,189705,1459000,0,0,87000,0,0,1546000,0,1546000
2687,20170630,U0686004,190549,5244000,103000,46000,200000,1722000,78000,7393000,0,7393000
2688,20170630,U0686006,190567,35429000,2710000,1414000,738000,13666000,670000,54627000,3200000,51427000
2689,20170630,U0686009,190594,18705000,1967000,133000,1953000,8094000,421000,31273000,0,31273000
2690,20170630,U0686016,190664,11884000,1219000,48000,75000,2710000,0,15936000,0,15936000
2693,20170630,U0686010,190600,4826000,1458000,1975000,330000,2161000,1184000,11934000,0,11934000
2699,20170630,U0705001,190044,6819000,2254000,978000,342000,4591000,164000,15148000,0,15148000
2701,20170630,U0735001,190099,1096000,0,0,331000,1987000,0,3414000,0,3414000
2707,20170630,U0785001,190150,647840000,5758000,62747000,81553000,71307000,23857000,893062000,447088000,445974000
2708,20170630,U0362001,189097,2777000,0,18000,299000,621000,15000,3730000,0,3730000
2722,20170630,U1118001,191241,5761000,95000,171000,1157000,12688000,935000,20807000,0,20807000
2728,20170630,U1277001,191515,135000,0,0,921000,1263000,35000,2354000,0,2354000
2731,20170630,U1356001,191630,528000,101000,1000,41000,281000,0,952000,0,952000
2732,20170630,U1358001,191649,1471000,18000,9000,32000,172000,0,1702000,0,1702000
2780,20170630,U2242001,193654,2345000,67000,265000,5112000,2953000,1998000,12740000,0,12740000
2784,20170630,U2252001,193830,9000000,17000,3968000,1635000,293000,724000,15637000,15637000,0
2785,20170630,U2257001,193900,391144000,17122000,34046000,77973000,248294000,149165000,917744000,581035000,336709000
2788,20170630,U2266001,193973,181000,551000,0,274000,816000,1000,1823000,0,1823000
2803,20170630,U2621001,194824,51130000,5909000,9440000,4150000,34168000,0,104797000,0,104797000
2806,20170630,U2655001,195003,27311000,4415000,2296000,1071000,15651000,519000,51263000,0,51263000
2807,20170630,U2657001,195049,86763000,314000,4899000,17868000,208708000,485000,319037000,0,319037000
2814,20170630,U2841001,195526,1194000,0,0,185000,480000,0,1859000,0,1859000
2816,20170630,U2824001,195474,938000,37000,0,73000,377000,0,1425000,0,1425000
2823,20170630,U2994001,195809,1020000,0,304000,57000,1160000,1000,2542000,0,2542000
2835,20170630,U3052001,196060,85469000,10815000,901000,1769000,55100000,2332000,156386000,0,156386000
2836,20170630,U3027001,196079,20639000,4123000,3123000,623000,69129000,452000,98089000,0,98089000
2839,20170630,U3048001,196255,22496000,285000,1247000,1244000,6267000,334000,31873000,30038000,1835000
2840,20170630,U3053001,196307,19991000,3432000,2527000,2390000,6613000,598000,35551000,29938000,5613000
2841,20170630,U3029001,196121,747000,32000,0,75000,393000,42000,1289000,0,1289000
2842,20170630,U3030001,196130,877000,320000,41000,0,326000,323000,1887000,0,1887000
2845,20170630,U3033001,196167,992000,0,0,0,766000,0,1758000,0,1758000
2848,20170630,U3036001,196194,669000,32000,20000,39000,850000,48000,1658000,0,1658000
2849,20170630,U3037001,196246,455000,159000,86000,0,303000,0,1003000,0,1003000
2851,20170630,U3041001,196103,8843000,11114000,715000,716000,7491000,157000,29036000,0,29036000
2885,20170630,U0062001,188526,566000,0,1070000,49000,792000,90000,2567000,0,2567000
2887,20170630,U0065001,188580,11040000,0,4578000,904000,3745000,176000,20443000,20443000,0
2889,20170630,U3210003,196866,554000,45000,5000,47000,525000,13000,1189000,0,1189000
2893,20170630,U3226001,197036,13430000,0,187000,0,0,0,13617000,0,13617000
2894,20170630,U3405001,195030,267860000,6850000,25865000,14470000,34487000,3471000,353003000,221592000,131411000
2895,20170630,U3503001,197133,1600000,0,0,0,0,0,1600000,0,1600000
2903,20170630,U3717001,197708,816000,1000,0,504000,1390000,547000,3258000,0,3258000
2905,20170630,U2274001,199102,24496000,159000,254000,154000,12145000,171000,37379000,0,37379000
2906,20170630,U0245001,197869,2630000,195000,451000,748000,444000,7000,4475000,0,4475000
2907,20170630,U3368001,199111,1851000,195000,139000,404000,274000,0,2863000,0,2863000
2918,20170630,U0898001,198385,1105000,0,35000,102000,489000,5000,1736000,0,1736000
2920,20170630,U0954001,198419,623573000,117000,234802000,98200000,151240000,18992000,1126924000,912264000,214660000
2923,20170630,U0965001,198464,11526000,280000,2857000,1724000,9558000,172000,26117000,13609000,12508000
2926,20170630,U1016001,198507,1306000,0,0,0,0,34000,1340000,0,1340000
2928,20170630,U1075001,198543,2322000,591000,153000,98000,1941000,0,5105000,0,5105000
2936,20170630,U1561001,198756,1469000,103000,0,683000,0,0,2255000,0,2255000
2950,20170630,U2276001,199157,11977000,268000,1020000,854000,0,0,14119000,0,14119000
2972,20170630,U2279001,199193,218274000,102200000,56418000,2939000,120027000,587000,500445000,0,500445000
2974,20170630,U3369001,199120,676282000,17810000,39273000,70194000,277954000,20550000,1102063000,593137000,508926000
2975,20170630,U3370001,199139,20462000,778000,3222000,896000,536000,203000,26097000,0,26097000
2976,20170630,U3371001,199148,17354000,172000,203000,681000,4486000,335000,23231000,0,23231000
2978,20170630,U3540001,199847,148001000,8724000,11828000,9924000,1355000,2395000,182227000,172864000,9363000
2981,20170630,U3612001,200004,971000,176000,12000,128000,187000,0,1474000,0,1474000
2984,20170630,U3373001,199218,5990000,5758000,923000,401000,2926000,17000,16015000,0,16015000
2986,20170630,U3683001,199999,1575000,0,0,0,0,0,1575000,0,1575000
3009,20170630,U0044001,200697,25588000,0,445000,0,9700000,0,35733000,0,35733000
3024,20170630,U0554001,201645,326643000,1781000,8169000,23059000,45212000,3745000,408609000,323560000,85049000
3026,20170630,U0606001,201690,1491000,517000,0,0,0,0,2008000,0,2008000
3032,20170630,U0716001,202134,52541000,2589000,2775000,3848000,21679000,330000,83762000,0,83762000
3037,20170630,U0760001,206589,736000,0,9000,289000,610000,0,1644000,0,1644000
3048,20170630,U1330001,203085,428000,1051000,23000,42000,77000,0,1621000,0,1621000
3086,20170630,U2371001,204501,1558000,0,0,42000,287000,0,1887000,0,1887000
3127,20170630,U3283001,202480,118452000,4740000,6898000,1310000,3384000,430000,135214000,0,135214000
3131,20170630,U3446001,206084,24167000,2360000,3411000,1354000,18630000,108000,50030000,18463000,31567000
3145,20170630,U3722001,206695,3257000,873000,105000,0,204000,0,4439000,0,4439000
3152,20170630,U3271001,206941,1168000,1508000,95000,54000,3007000,0,5832000,0,5832000
3157,20170630,U1650001,207209,9219000,2324000,0,0,0,0,11543000,0,11543000
3170,20170630,U2401006,207388,44977000,24970000,11619000,537000,106844000,77000,189024000,0,189024000
3185,20170630,U3447001,207971,5905000,452000,10432000,345000,3687000,58000,20879000,0,20879000
3197,20170630,U1682001,209056,723000,0,0,957000,1758000,0,3438000,0,3438000
3210,20170630,U2425001,209542,163479000,53212000,8465000,2562000,28281000,11069000,267068000,0,267068000
3211,20170630,U2419001,209506,1274000,2410000,222000,253000,0,0,4159000,0,4159000
3212,20170630,U2452001,209612,4058000,997000,291000,973000,1451000,0,7770000,0,7770000
3216,20170630,U2552001,209807,32727000,3487000,538000,2983000,8854000,375000,48964000,0,48964000
3217,20170630,U2611001,209922,415000,0,0,91000,909000,0,1415000,0,1415000
3223,20170630,U3382001,209551,69598000,733000,245000,4997000,19835000,566000,95974000,0,95974000
3227,20170630,U3665001,210401,1028000,256000,0,538000,1325000,0,3147000,0,3147000
3230,20170630,U0080001,210669,435000,15000,0,459000,333000,1000,1243000,0,1243000
3237,20170630,U0489001,211273,2507000,0,0,1051000,7588000,0,11146000,0,11146000
3238,20170630,U0491001,211291,1591000,290000,466000,401000,1574000,115000,4437000,0,4437000
3242,20170630,U0548001,211440,189974000,2355000,23590000,6128000,100557000,5496000,328100000,0,328100000
3253,20170630,U0931001,212009,380000,0,0,70000,415000,4000,869000,0,869000
3256,20170630,U0952001,212054,70921000,4623000,4520000,12755000,44151000,1607000,138577000,48302000,90275000
3258,20170630,U0955001,212106,5759000,599000,443000,1180000,9216000,0,17197000,0,17197000
3265,20170630,U1143001,212577,1732000,343000,205000,356000,1243000,506000,4385000,0,4385000
3268,20170630,U1209001,212674,597000,0,104000,309000,159000,149000,1318000,0,1318000
3274,20170630,U1307001,212911,1031000,0,0,331000,1080000,0,2442000,0,2442000
3278,20170630,U3139001,216366,62029000,1642000,13304000,8483000,50739000,6372000,142569000,140411000,2158000
3284,20170630,U1629001,213385,1493000,38000,95000,0,205000,0,1831000,0,1831000
3289,20170630,U1676001,213543,25228000,1627000,1114000,786000,7795000,419000,36969000,0,36969000
3297,20170630,U1873001,213987,625000,369000,99000,130000,479000,0,1702000,0,1702000
3311,20170630,U2726001,214564,1375000,41000,16000,15000,119000,0,1566000,0,1566000
3328,20170630,U3590001,216764,624000,60000,84000,126000,6327000,72000,7293000,0,7293000
3329,20170630,U2498024,214777,538164000,54342000,36761000,46131000,178476000,941000,854815000,100542000,754273000
3333,20170630,U2498009,214591,1670000,364000,649000,320000,801000,0,3804000,0,3804000
3352,20170630,U2506001,215123,260000,4000,7000,389000,2309000,0,2969000,660000,2309000
3353,20170630,U3479001,215132,1102000,30000,1305000,685000,832000,26000,3980000,0,3980000
3367,20170630,U2704001,215770,239000,673000,2000,244000,1142000,109000,2409000,0,2409000
3370,20170630,U3080001,216287,1451000,26000,7000,136000,1949000,0,3569000,0,3569000
3371,20170630,U3099001,216339,153404000,4605000,18132000,15650000,70391000,6203000,268385000,102542000,165843000
3378,20170630,U3383001,215062,669911000,16697000,140197000,99155000,445519000,2814000,1374293000,918617000,455676000
3388,20170630,U3518001,216597,4048000,794000,1241000,479000,11919000,556000,19037000,0,19037000
3401,20170630,U0485001,217156,145556000,182000,2864000,18976000,40936000,3776000,212290000,90380000,121910000
3406,20170630,U2573001,217402,783000,0,0,61000,170000,0,1014000,0,1014000
3414,20170630,U3402001,217484,62785000,7061000,3150000,2169000,24290000,2416000,101871000,0,101871000
3420,20170630,U0396001,217721,1634000,2000,0,40000,0,0,1676000,0,1676000
3424,20170630,U0692001,217873,1344000,0,0,6000,0,10000,1360000,0,1360000
3425,20170630,U0710001,217882,70256000,19801000,20359000,4182000,78124000,546000,193268000,0,193268000
3428,20170630,U0739001,217819,5870000,294000,160000,391000,2109000,103000,8927000,0,8927000
3434,20170630,U1166001,218070,1292000,19000,0,150000,545000,45000,2051000,0,2051000
3438,20170630,U1860001,218335,134072000,3966000,21423000,11053000,86044000,5709000,262267000,205012000,57255000
3446,20170630,U2892001,218733,14300000,0,0,0,0,0,14300000,0,14300000
3448,20170630,U3415006,218663,96048000,2718000,4353000,8087000,92070000,5394000,208670000,17316000,191354000
3449,20170630,U3415002,218645,2697000,0,0,0,264000,0,2961000,0,2961000
3451,20170630,U0723001,218724,1028000,749000,39000,34000,26000,17000,1893000,0,1893000
3456,20170630,U3684001,218964,1189000,87000,0,24000,526000,0,1826000,0,1826000
3458,20170630,U0328002,219000,1140000,0,0,4000,68000,0,1212000,0,1212000
3459,20170630,U0431001,219046,1448000,96000,11000,0,554000,0,2109000,0,2109000
3470,20170630,U2894001,219347,10639000,2294000,969000,66000,1557000,16000,15541000,0,15541000
3471,20170630,U2895001,219356,28003000,18553000,1181000,4627000,8106000,2942000,63412000,0,63412000
3474,20170630,U3416001,219471,11134000,1502000,0,1683000,14039000,0,28358000,4482000,23876000
3487,20170630,U0971001,220075,5933000,240000,587000,1246000,1427000,60000,9493000,5426000,4067000
3490,20170630,U1093001,220181,4327000,180000,0,423000,87000,0,5017000,0,5017000
3506,20170630,U1862001,220792,15613000,0,13000,544000,612000,0,16782000,14962000,1820000
3509,20170630,U3343001,220862,18185000,4368000,1737000,2688000,22370000,347000,49695000,0,49695000
3510,20170630,U1911001,220978,2513000,186000,437000,0,1557000,21000,4714000,0,4714000
3522,20170630,U3100001,221838,10557000,762000,300000,44000,6445000,0,18108000,0,18108000
3523,20170630,U3101001,221847,4969000,3819000,82000,129000,2445000,635000,12079000,0,12079000
3529,20170630,U3430002,221740,1144000,743000,32000,423000,3575000,435000,6352000,0,6352000
3530,20170630,U3430004,221759,117097000,13299000,6248000,2587000,62268000,2301000,203800000,0,203800000
3541,20170630,U0233001,222831,75000,594000,40000,49000,49000,0,807000,0,807000
3545,20170630,U0381001,223232,5265000,1363000,1953000,2048000,16935000,1836000,29400000,0,29400000
3565,20170630,U3108001,224554,823000,1250000,63000,187000,793000,1111000,4227000,0,4227000
3581,20170630,U1642001,226091,949000,1327000,263000,191000,1074000,79000,3883000,0,3883000
3594,20170630,U3376003,227216,15668000,641000,1447000,2089000,23944000,0,43789000,0,43789000
3604,20170630,U2638001,227757,84469000,6191000,11165000,16957000,43505000,4990000,167277000,0,167277000
3606,20170630,U2728001,227881,1872000,279000,17000,102000,1281000,107000,3658000,0,3658000
3613,20170630,U2926001,228246,14464000,1019000,3107000,1211000,9865000,213000,29879000,0,29879000
3615,20170630,U3123001,228459,25132000,6671000,910000,5177000,22851000,0,60741000,0,60741000
3624,20170630,U3059001,228431,1276000,1455000,50000,279000,444000,173000,3677000,0,3677000
3625,20170630,U3076001,228501,440000,281000,28000,709000,1042000,0,2500000,0,2500000
3630,20170630,U2555001,227526,8722000,2876000,49000,100000,2218000,17000,13982000,0,13982000
3631,20170630,U3093001,228529,4602000,2914000,16000,43000,3312000,6000,10893000,0,10893000
3632,20170630,U3730002,228723,307656000,207329000,39928000,57631000,264823000,28107000,905474000,50336000,855138000
3636,20170630,U3115001,228875,4035000,1160000,1746000,0,214000,100000,7255000,0,7255000
3639,20170630,U3110099,228705,7869000,4940000,734000,4628000,4462000,0,22633000,0,22633000
3642,20170630,U3121001,229063,3674000,252000,79000,295000,422000,0,4722000,0,4722000
3644,20170630,U3124001,229115,31347000,33007000,15542000,13030000,97944000,612000,191482000,0,191482000
3646,20170630,U3127001,229179,945000,697000,85000,896000,1450000,0,4073000,0,4073000
3647,20170630,U3185001,229267,986000,1000,7000,927000,1335000,18000,3274000,0,3274000
3652,20170630,U3301001,225511,60033000,43571000,6474000,9476000,49877000,0,169431000,0,169431000
3656,20170630,U3437001,228769,32756000,19238000,9012000,1827000,34209000,155000,97197000,0,97197000
3657,20170630,U3433001,416801,166552000,255960000,127759000,30470000,173161000,134127000,888029000,0,888029000
3658,20170630,U3438001,228778,396447000,27367000,60282000,37775000,124037000,6279000,652187000,3409000,648778000
3659,20170630,U3432001,228644,85455000,18647000,8637000,21411000,57741000,666000,192557000,137816000,54741000
3660,20170630,U3435001,228635,200085000,77286000,23391000,59638000,60817000,40580000,461797000,458480000,3317000
3661,20170630,U3441001,228796,44811000,19327000,1191000,4003000,16476000,8757000,94565000,0,94565000
3665,20170630,U3600001,229814,1338000,1909000,467000,92000,1123000,14000,4943000,0,4943000
3675,20170630,U3448001,230764,248908000,3384000,31643000,24245000,68674000,3441000,380295000,182641000,197654000
3677,20170630,U3491001,230728,138518000,19238000,5107000,369000,16902000,7180000,187314000,0,187314000
3691,20170630,U1912001,230959,2002000,0,2000,33000,6000,0,2043000,0,2043000
3694,20170630,U2711001,231059,1232000,0,0,0,183000,0,1415000,0,1415000
3696,20170630,U3449001,231174,78394000,416000,2610000,6887000,28202000,1789000,118298000,72192000,46106000
3706,20170630,U0676001,231712,957000,102000,133000,52000,20000,0,1264000,0,1264000
3714,20170630,U1282001,232265,16249000,0,0,0,233000,0,16482000,0,16482000
3721,20170630,U1536001,232423,2273000,203000,0,0,118000,654000,3248000,0,3248000
3728,20170630,U2403001,232982,42412000,3538000,1607000,1203000,17069000,2161000,67990000,0,67990000
3735,20170630,U3520001,234030,147585000,4991000,8666000,17043000,57179000,0,235464000,103150000,132314000
3744,20170630,U3403001,233374,1870000,0,0,379000,854000,3000,3106000,0,3106000
3749,20170630,U1193001,232186,57345000,3289000,2746000,4525000,43198000,1301000,112404000,0,112404000
3754,20170630,U3525001,233921,186054000,55771000,40471000,7252000,225816000,7061000,522425000,0,522425000
3764,20170630,U3526001,234155,4779000,1677000,4000,2198000,1657000,410000,10725000,0,10725000
3765,20170630,U2269001,232937,7101000,31000,0,0,93000,71000,7296000,0,7296000
3771,20170630,U0610001,234827,2297000,629000,98000,337000,431000,6000,3798000,0,3798000
3775,20170630,U0989001,235097,1193000,611000,123000,58000,0,15000,2000000,0,2000000
3788,20170630,U2792001,236577,813000,0,27000,53000,96000,7000,996000,0,996000
3790,20170630,U2793001,236595,862000,140000,14000,231000,227000,149000,1623000,0,1623000
3797,20170630,U3400001,236328,459000,0,0,196000,112000,135000,902000,0,902000
3800,20170630,U3563001,236939,152843000,52663000,11944000,9062000,125869000,4520000,356901000,4931000,351970000
3802,20170630,U3634001,237011,5271000,552000,276000,1035000,5866000,14000,13014000,0,13014000
3815,20170630,U1793001,237525,9064000,1204000,1041000,1691000,5348000,0,18348000,6770000,11578000
3826,20170630,U3606001,237899,5072000,1151000,0,35000,47000,0,6305000,0,6305000
3827,20170630,U3607001,238032,72767000,9290000,8990000,2409000,72107000,20043000,185606000,31921000,153685000
3863,20170630,U1791001,239105,10111000,221000,992000,1974000,11612000,5124000,30034000,0,30034000
3868,20170630,U1935001,239318,775000,70000,2270000,259000,0,0,3374000,0,3374000
3895,20170630,U3462001,240444,570796000,57525000,25683000,103996000,394364000,41049000,1193413000,399969000,793444000
3896,20170630,U3463001,240453,23916000,18812000,1717000,1294000,6832000,1610000,54181000,0,54181000
3899,20170630,U3460001,240277,666000,130000,39000,145000,517000,13000,1510000,0,1510000
3917,20170630,U3459001,240268,955000,312000,32000,293000,49000,0,1641000,0,1641000
3919,20170630,U3461001,240329,1158000,530000,653000,116000,512000,218000,3187000,0,3187000
3921,20170630,U3466001,240462,349000,267000,239000,28000,177000,8000,1068000,0,1068000
3923,20170630,U3467001,240471,529000,266000,64000,0,78000,135000,1072000,0,1072000
3924,20170630,U3468001,240480,992000,858000,64000,137000,994000,65000,3110000,0,3110000
3932,20170630,U3472001,240727,56410000,15351000,3812000,1896000,45661000,1902000,125032000,0,125032000
3935,20170630,U3294001,240754,8067000,276000,18000,29000,452000,0,8842000,0,8842000
3941,20170630,U3237001,243346,782000,0,0,0,577000,0,1359000,0,1359000
3944,20170630,U3396001,243197,13604000,441000,1913000,465000,9632000,75000,26130000,0,26130000
3945,20170630,U3388001,243203,29869000,2190000,3232000,0,7132000,0,42423000,16883000,25540000
3954,20170630,U3269001,132903,89904000,9568000,10294000,4206000,110248000,9482000,233702000,2179000,231523000
3955,20170630,U3454001,138354,10127000,2941000,926000,946000,20114000,0,35054000,0,35054000
3969,20170630,U3346006,174066,456443000,71697000,35700000,24031000,300520000,33290000,921681000,245034000,676647000
3979,20170630,S0784001,196468,10194000,188000,1167000,10798000,0,1847000,24194000,0,24194000
4063,20170630,U0686020,190576,1485000,1680000,0,2163000,868000,1815000,8011000,0,8011000
4509,20170630,U3277001,126580,4525000,567000,887000,195000,506000,0,6680000,0,6680000
4741,20170630,U2684002,186371,2412000,501000,222000,648000,1312000,8000,5103000,0,5103000
4766,20170630,U0686001,190512,1027000,9000,167000,314000,866000,160000,2543000,0,2543000
4882,20170630,U2418001,209490,245199000,148000,27313000,45820000,29938000,31000,348449000,205765000,142684000
4917,20170630,U2665001,217518,2024000,196000,73000,69000,590000,0,2952000,0,2952000
4949,20170630,U0379001,223223,292806000,31849000,25774000,76000000,177568000,955000,604952000,604952000,0
4952,20170630,U3434001,228653,104458000,4923000,3410000,18049000,54266000,0,185106000,179645000,5461000
6725,20170630,S3430003,487010,39138000,3915000,2521000,7443000,12612000,7764000,73393000,73393000,0
6814,20170630,U2498011,214713,215000,88000,3000,150000,1198000,0,1654000,0,1654000
6895,20170630,U3356001,181428,84814000,15909000,8755000,13914000,34342000,13757000,171491000,99529000,71962000
6964,20170630,U2684004,186380,340801000,99663000,47787000,24827000,163910000,4731000,681719000,188442000,493277000
7022,20170630,U0686013,190637,3734000,0,80000,31000,1107000,27000,4979000,0,4979000
7026,20170630,U2029001,193405,367522000,6767000,61382000,55484000,80340000,3953000,575448000,575448000,0
7108,20170630,U3398001,243221,11512000,71000,223000,50000,9340000,8000,21204000,0,21204000
7206,20170630,U3394001,243151,704000,0,0,0,405000,0,1109000,0,1109000
7785,20170630,S3430005,221759,27229000,931000,3400000,1193000,35583000,1856000,70192000,0,70192000
7993,20170630,U0516001,110486,2466000,37000,173000,0,1768000,208000,4652000,0,4652000
8067,20170630,S1726001,435000,7055000,169000,708000,5009000,9619000,0,22560000,22560000,0
8296,20170630,U1857001,239169,108276000,960000,14941000,20390000,61810000,3241000,209618000,209618000,0
8718,20170630,U3280001,129020,145637000,6745000,13615000,13461000,83643000,4546000,267647000,92872000,174775000
8723,20170630,U1201001,139755,584891000,85668000,54282000,12447000,60986000,6027000,804301000,0,804301000
8724,20170630,U1870001,140447,19772000,83000,6044000,163000,2754000,631000,29447000,3560000,25887000
8744,20170630,U3314001,157085,171323000,45217000,12444000,13795000,119978000,15617000,378374000,141976000,236398000
8766,20170630,U2706001,179159,27436000,58000,5821000,5928000,17144000,15000,56402000,42567000,13835000
8773,20170630,U2239001,188030,59885000,19593000,1623000,3895000,15654000,5370000,106020000,0,106020000
8775,20170630,U0076001,188641,917000,815000,959000,0,489000,51000,3231000,0,3231000
8779,20170630,U0852001,190415,438182000,88961000,48338000,116514000,260889000,31594000,984478000,383112000,601366000
8780,20170630,U1713001,192439,1615000,56000,54000,343000,53000,169000,2290000,0,2290000
8782,20170630,U2250001,194091,984000,358000,111000,186000,1597000,0,3236000,631000,2605000
8784,20170630,U2438001,194310,2423000,24000,0,391000,2172000,18000,5028000,0,5028000
8789,20170630,U3084001,196413,39781000,5392000,4369000,10492000,85415000,256000,145705000,0,145705000
8794,20170630,U3374001,200280,43262000,12757000,8115000,333000,37698000,658000,102823000,27792000,75031000
8796,20170630,U0455001,201441,6395000,841000,28000,503000,6339000,227000,14333000,0,14333000
8799,20170630,U1598001,203517,10524000,404000,426000,1185000,29213000,251000,42003000,0,42003000
8800,20170630,U1896001,204024,9093000,1552000,515000,632000,5359000,88000,17239000,0,17239000
8802,20170630,U2388001,204796,464311000,56440000,146317000,43686000,127298000,26275000,864327000,362655000,501672000
8803,20170630,U2389001,204857,16393000,3221000,4507000,2655000,33641000,675000,61092000,13082000,48010000
8805,20170630,U3274001,201885,242237000,6919000,22088000,62433000,121414000,159000,455250000,336271000,118979000
8807,20170630,U3381001,207500,133177000,35032000,14968000,7424000,72708000,8930000,272239000,101425000,170814000
8810,20170630,U1426001,213020,508000,55000,0,273000,471000,0,1307000,0,1307000
8815,20170630,U3386006,215293,617884000,9211000,18667000,49502000,157369000,87073000,939706000,671985000,267721000
8841,20170630,U3480001,243665,10968000,146000,46000,0,1138000,0,12298000,0,12298000
8907,20170630,R0928001,438018,18839000,3996000,1437000,363000,3840000,965000,29440000,0,29440000
9016,20170630,U3421001,448840,3514000,517000,141000,203000,4087000,199000,8661000,0,8661000
9167,20170630,U3709001,206604,35533000,9644000,930000,987000,12261000,24000,59379000,12620000,46759000
9266,20170630,U2290001,200332,34923000,51339000,1857000,1791000,57701000,5508000,153119000,0,153119000
9275,20170630,U2325001,157447,1109000,5000,0,107000,428000,0,1649000,0,1649000
9333,20170630,U3309001,148654,1533000,61000,39000,181000,1086000,0,2900000,0,2900000
9554,20170630,U3054001,196088,186836000,27989000,19854000,22118000,125790000,19004000,401591000,178961000,222630000
9555,20170630,U3056001,196097,125688000,7821000,6861000,6427000,87620000,4195000,238612000,104473000,134139000
9630,20170630,U3464001,240365,1160000,0,0,0,0,378000,1538000,0,1538000
9635,20170630,U1108001,133951,71579000,16971000,1014000,7407000,79589000,732000,177292000,11978000,165314000
9651,20170630,U3105001,226152,1730000,1219000,53000,1209000,489000,45000,4745000,0,4745000
9741,20170630,U3440001,228787,36097000,16171000,5554000,20859000,34524000,0,113205000,0,113205000
9756,20170630,U3341001,166708,200232000,160000,14324000,20204000,42064000,2900000,279884000,279884000,0
9762,20170630,U3424001,161554,2252000,4397000,38000,223000,217000,20000,7147000,0,7147000
9768,20170630,U3376001,228909,26368000,9313000,2848000,1490000,7973000,484000,48476000,5682000,42794000
9800,20170630,U2682001,148511,51532000,289000,12088000,2235000,7918000,0,74062000,68928000,5134000
9841,20170630,U3375001,136172,1435000,809000,219000,36000,3734000,243000,6476000,0,6476000
9929,20170630,U3042001,196228,2073000,0,661000,116000,454000,0,3304000,0,3304000
9930,20170630,U3442001,229018,328000,364000,57000,352000,51000,0,1152000,0,1152000
10097,20170630,U0686014,190646,1440000,19000,0,74000,513000,0,2046000,0,2046000
10115,20170630,U3443001,229027,29947000,10127000,2664000,2562000,23096000,1767000,70163000,0,70163000
10338,20170630,U0988001,231970,21209000,626000,1662000,1140000,3758000,276000,28671000,28671000,0
10395,20170630,U3409001,122436,2299000,24000,0,278000,1109000,166000,3876000,0,3876000
10674,20170630,U3125001,229337,9143000,16806000,443000,2136000,9406000,1833000,39767000,24733000,15034000
11161,20170630,U3109001,224147,10259000,5597000,1340000,2378000,4594000,3825000,27993000,0,27993000
11282,20170630,S2401002,207315,1055000,74000,152000,0,1173000,0,2454000,2454000,0
11618,20170630,U3431001,229300,124461000,38089000,12629000,22007000,31977000,16897000,246060000,148679000,97381000
11649,20170630,U1735001,117946,883000,660000,0,770000,4758000,0,7071000,0,7071000
11711,20170630,U3303001,225414,753000,697000,47000,96000,186000,0,1779000,0,1779000
12300,20170630,U2459002,154174,1189000,0,0,265000,382000,0,1836000,0,1836000
12305,20170630,U0472003,230038,26441000,1397000,4565000,1649000,9127000,227000,43406000,0,43406000
12310,20170630,U3247001,200800,16395000,4464000,3789000,2630000,13151000,897000,41326000,0,41326000
12826,20170630,U3304001,225432,1710000,131000,0,96000,460000,0,2397000,0,2397000
12841,20170630,U3238001,243601,428000,0,0,0,1349000,0,1777000,0,1777000
19039,20170630,R3333001,0,15069000,26084000,1812000,1289000,14050000,105000,58409000,0,58409000
22635,20170630,R2781001,435338,250090000,0,7997000,23895000,72600000,0,354582000,0,354582000
29001,20170630,U3313001,155317,148178000,16816000,16834000,22099000,96096000,296000,300319000,119464000,180855000
29020,20170630,U3298001,141565,5461000,129000,70000,305000,1036000,7000,7008000,0,7008000
29040,20170630,U0686005,190558,1543000,732000,440000,274000,837000,424000,4250000,0,4250000
29045,20170630,U2307001,204477,10043000,124000,0,2390000,6573000,86000,19216000,14399000,4817000
29094,20170630,U3252001,102614,97314000,3550000,3582000,761000,46300000,1187000,152694000,0,152694000
29095,20170630,U3251001,102553,12681000,1813000,273000,672000,5366000,56000,20861000,0,20861000
29096,20170630,U3253001,102632,1480000,31000,13000,0,97000,0,1621000,0,1621000
29100,20170630,U3475001,131399,2659000,0,0,0,1001000,73000,3733000,0,3733000
29133,20170630,U3633001,112525,2725000,362000,911000,1310000,701000,178000,6187000,1151000,5036000
29164,20170630,U3444001,228802,708000,216000,331000,63000,363000,156000,1837000,0,1837000
29169,20170630,U3209001,164137,204241000,0,0,3970000,90159000,0,298370000,191592000,106778000
29224,20170630,U2722001,180647,1481000,0,0,0,0,0,1481000,0,1481000
29229,20170630,U3235001,243568,4866000,91000,0,0,677000,0,5634000,5634000,0
29268,20170630,U2544001,243081,7108000,641000,0,0,0,915000,8664000,8291000,373000
29278,20170630,U3236001,241739,4881000,0,0,0,687000,0,5568000,0,5568000
29297,20170630,U2008001,140562,28792000,1245000,0,3055000,3833000,0,36925000,28735000,8190000
29365,20170630,U1755001,166869,1839000,0,0,423000,20000,0,2282000,0,2282000
29977,20170630,NULL,162928,2178605000,5326000,84005000,148975000,138010000,7386000,2562307000,704512000,1857795000
30113,20170630,U0516014,366711,5594000,500000,12000,93000,350000,0,6549000,0,6549000
30114,20170630,U0516010,409698,3574000,823000,13000,219000,763000,5000,5397000,0,5397000
32553,20170630,U1105001,433660,3746000,1493000,113000,515000,157000,1000,6025000,0,6025000
41426,20170630,U3161003,459736,1196000,34000,40000,25000,1827000,0,3122000,1507000,1615000
100142,20170630,U0511001,111188,225000,49000,1537000,0,110000,0,1921000,0,1921000
100155,20170630,U1624001,117627,575000,0,0,728000,899000,0,2202000,0,2202000
100198,20170630,U0975001,129215,19000,52000,0,0,1157000,0,1228000,0,1228000
100322,20170630,U3642002,149781,70000,0,0,985000,215000,0,1270000,0,1270000
100427,20170630,U1768001,161299,1370000,0,0,0,393000,0,1763000,0,1763000
100459,20170630,U1026001,165662,469000,12000,5000,864000,129000,9000,1488000,0,1488000
100486,20170630,U3074001,168005,258000,0,0,427000,736000,0,1421000,0,1421000
100492,20170630,U0069001,168546,210000,0,0,9000,848000,7000,1074000,0,1074000
100508,20170630,U1638001,170639,726000,2000,56000,0,214000,69000,1067000,0,1067000
100520,20170630,U0750001,174747,44000,0,0,0,1078000,0,1122000,0,1122000
100603,20170630,U1594001,183062,837000,0,0,68000,3000,0,908000,0,908000
100694,20170630,U1022001,198516,358000,0,0,93000,1956000,0,2407000,0,2407000
100861,20170630,U2634001,217420,3831000,4766000,0,392000,41000,0,9030000,0,9030000
100862,20170630,U2636001,217493,269000,46000,245000,55000,471000,0,1086000,0,1086000
100864,20170630,U2197001,432320,3224000,0,0,0,0,0,3224000,0,3224000
100887,20170630,U0885001,219082,1989000,60000,56000,23000,156000,0,2284000,0,2284000
100893,20170630,U0333001,219602,347000,1148000,165000,0,461000,13000,2134000,0,2134000
100945,20170630,U2986001,227845,7989000,1095000,101000,499000,455000,10000,10149000,0,10149000
100967,20170630,U2358001,230995,480000,61000,19000,15000,303000,0,878000,0,878000
101118,20170630,U1309001,141644,1921000,0,59000,34000,161000,0,2175000,0,2175000
101391,20170630,U2105001,209296,427000,6000,114000,0,192000,182000,921000,0,921000
101481,20170630,U2118001,423494,6293000,0,0,0,0,0,6293000,0,6293000
101520,20170630,R0732001,436377,54260000,326000,2437000,17197000,23068000,0,97288000,0,97288000
101530,20170630,U1049001,409254,2529000,640000,0,513000,283000,0,3965000,0,3965000
101555,20170630,U1009001,442806,94000,24000,100000,886000,7015000,0,8119000,8119000,0
101570,20170630,U4728005,440031,969000,0,124000,30000,600000,152000,1875000,0,1875000
101589,20170630,U1147001,441982,588000,0,0,119000,724000,122000,1553000,0,1553000
101595,20170630,U0516002,441937,142000,593000,0,0,361000,0,1096000,0,1096000
101602,20170630,U2674001,445735,0,0,6000,29000,4132000,0,4167000,1959000,2208000
101682,20170630,U3163001,445054,1581000,0,216000,0,1083000,0,2880000,0,2880000
101708,20170630,S1866001,458511,206000,0,0,73000,3006000,0,3285000,0,3285000
102004,20170630,S3366001,199175,161000,3560000,0,0,0,0,3721000,0,3721000
102013,20170630,R3499001,0,13108000,1196000,467000,1579000,25163000,3065000,44578000,0,44578000
102017,20170630,U4729001,482149,48921000,605000,6263000,6595000,36295000,982000,99661000,89303000,10358000
102041,20170630,U3381006,0,976000,146000,199000,905000,1790000,471000,4487000,1469000,3018000
102044,20170630,U3125005,229337,2410000,11266000,617000,491000,1688000,7000,16479000,13219000,3260000
102056,20170630,U3432002,485537,5792000,2142000,698000,2232000,5428000,0,16292000,0,16292000
102060,20170630,U4736001,190576,2355000,0,347000,19000,819000,1000,3541000,0,3541000
208828,20170630,NULL,231624,32760000,3768000,709000,4914000,21148000,828000,64127000,0,64127000
233046,20170630,NULL,490373,10565000,719000,2385000,579000,6036000,2088000,22372000,4686000,17686000
330002,20170630,U3420001,451671,40000,0,0,0,1843000,0,1883000,0,1883000
330004,20170630,U3452002,377555,3169000,26000,69000,4931000,1946000,78000,10219000,0,10219000
330005,20170630,U3452007,377564,2042000,499000,12000,231000,274000,188000,3246000,0,3246000
330006,20170630,U3452006,236948,952738000,27951000,53751000,153085000,127960000,32735000,1348220000,656455000,691765000
330007,20170630,U3450002,234076,228910000,5378000,22001000,31250000,135045000,47098000,469682000,246169000,223513000
330008,20170630,U3418001,137351,250384000,28582000,25777000,38644000,210070000,4432000,557889000,198659000,359230000
330010,20170630,R2936005,160621,2502000,2353000,0,0,66000,0,4921000,0,4921000
330038,20170630,U0793001,456542,389000,0,0,1000,1802000,46000,2238000,2238000,0
330050,20170630,S0686018,190035,527000,0,58000,55000,459000,15000,1114000,0,1114000
330051,20170630,S3338001,166665,721000,2688000,39000,575000,367000,4000,4394000,0,4394000
